{
    "biggan": {
        "average_precision": 0.9937228932547203,
        "real_accuracy_0.5": 0.981,
        "fake_accuracy_0.5": 0.928,
        "accuracy_0.5": 0.9545,
        "real_accuracy_best": 0.959,
        "fake_accuracy_best": 0.967,
        "accuracy_best": 0.963,
        "best_threshold": 0.16800737380981445
    },
    "cyclegan": {
        "average_precision": 0.9979386786845844,
        "real_accuracy_0.5": 0.989,
        "fake_accuracy_0.5": 0.98,
        "accuracy_0.5": 0.9845,
        "real_accuracy_best": 0.989,
        "fake_accuracy_best": 0.979,
        "accuracy_best": 0.984,
        "best_threshold": 0.5301886200904846
    },
    "gaugan": {
        "average_precision": 0.9998789229907594,
        "real_accuracy_0.5": 0.996,
        "fake_accuracy_0.5": 0.995,
        "accuracy_0.5": 0.9955,
        "real_accuracy_best": 0.997,
        "fake_accuracy_best": 0.994,
        "accuracy_best": 0.9955,
        "best_threshold": 0.5213190913200378
    },
    "progan": {
        "average_precision": 0.9999780188312091,
        "real_accuracy_0.5": 0.996,
        "fake_accuracy_0.5": 0.999,
        "accuracy_0.5": 0.9975,
        "real_accuracy_best": 0.996,
        "fake_accuracy_best": 0.999,
        "accuracy_best": 0.9975,
        "best_threshold": 0.34542354941368103
    },
    "seeingdark": {
        "average_precision": 0.625376925822817,
        "real_accuracy_0.5": 0.5,
        "fake_accuracy_0.5": 0.77,
        "accuracy_0.5": 0.635,
        "real_accuracy_best": 0.65,
        "fake_accuracy_best": 0.66,
        "accuracy_best": 0.655,
        "best_threshold": 0.7110785841941833
    },
    "stylegan": {
        "average_precision": 0.9726241998570024,
        "real_accuracy_0.5": 0.996,
        "fake_accuracy_0.5": 0.708,
        "accuracy_0.5": 0.852,
        "real_accuracy_best": 0.882,
        "fake_accuracy_best": 0.911,
        "accuracy_best": 0.8965,
        "best_threshold": 0.01186647079885006
    },
    "whichfaceisreal": {
        "average_precision": 0.9727025502615259,
        "real_accuracy_0.5": 0.977,
        "fake_accuracy_0.5": 0.767,
        "accuracy_0.5": 0.872,
        "real_accuracy_best": 0.911,
        "fake_accuracy_best": 0.921,
        "accuracy_best": 0.916,
        "best_threshold": 0.213212788105011
    },
    "crn": {
        "average_precision": 0.9696691438387413,
        "real_accuracy_0.5": 0.999,
        "fake_accuracy_0.5": 0.131,
        "accuracy_0.5": 0.565,
        "real_accuracy_best": 0.907,
        "fake_accuracy_best": 0.915,
        "accuracy_best": 0.911,
        "best_threshold": 0.00030271269497461617
    },
    "deepfake": {
        "average_precision": 0.8232377188389655,
        "real_accuracy_0.5": 0.957,
        "fake_accuracy_0.5": 0.436,
        "accuracy_0.5": 0.6965,
        "real_accuracy_best": 0.846,
        "fake_accuracy_best": 0.611,
        "accuracy_best": 0.7285,
        "best_threshold": 0.23672932386398315
    },
    "imle": {
        "average_precision": 0.9856977326975622,
        "real_accuracy_0.5": 0.999,
        "fake_accuracy_0.5": 0.388,
        "accuracy_0.5": 0.6935,
        "real_accuracy_best": 0.94,
        "fake_accuracy_best": 0.938,
        "accuracy_best": 0.939,
        "best_threshold": 0.0005377713241614401
    },
    "san": {
        "average_precision": 0.7980289432577948,
        "real_accuracy_0.5": 0.97,
        "fake_accuracy_0.5": 0.16,
        "accuracy_0.5": 0.565,
        "real_accuracy_best": 0.73,
        "fake_accuracy_best": 0.77,
        "accuracy_best": 0.75,
        "best_threshold": 0.003664423944428563
    },
    "stargan": {
        "average_precision": 0.9931045487596761,
        "real_accuracy_0.5": 0.931,
        "fake_accuracy_0.5": 0.978,
        "accuracy_0.5": 0.9545,
        "real_accuracy_best": 0.967,
        "fake_accuracy_best": 0.965,
        "accuracy_best": 0.966,
        "best_threshold": 0.6923395991325378
    },
    "stylegan2": {
        "average_precision": 0.9766484869724109,
        "real_accuracy_0.5": 0.997,
        "fake_accuracy_0.5": 0.508,
        "accuracy_0.5": 0.7525,
        "real_accuracy_best": 0.9,
        "fake_accuracy_best": 0.948,
        "accuracy_best": 0.924,
        "best_threshold": 0.01049792394042015
    }
}