{
    "biggan": {
        "average_precision": 0.5314390503253309,
        "real_accuracy_0.5": 0.639,
        "fake_accuracy_0.5": 0.384,
        "accuracy_0.5": 0.5115,
        "real_accuracy_best": 0.605,
        "fake_accuracy_best": 0.441,
        "accuracy_best": 0.523,
        "best_threshold": 0.4463460147380829
    },
    "cyclegan": {
        "average_precision": 0.5801380548055726,
        "real_accuracy_0.5": 0.38,
        "fake_accuracy_0.5": 0.797,
        "accuracy_0.5": 0.5885,
        "real_accuracy_best": 0.414,
        "fake_accuracy_best": 0.78,
        "accuracy_best": 0.597,
        "best_threshold": 0.5308537483215332
    },
    "gaugan": {
        "average_precision": 0.47842307429583386,
        "real_accuracy_0.5": 0.682,
        "fake_accuracy_0.5": 0.271,
        "accuracy_0.5": 0.4765,
        "real_accuracy_best": 0.096,
        "fake_accuracy_best": 0.932,
        "accuracy_best": 0.514,
        "best_threshold": 0.02259226329624653
    },
    "progan": {
        "average_precision": 0.39889825981942073,
        "real_accuracy_0.5": 0.922,
        "fake_accuracy_0.5": 0.011,
        "accuracy_0.5": 0.4665,
        "real_accuracy_best": 0.012,
        "fake_accuracy_best": 0.993,
        "accuracy_best": 0.5025,
        "best_threshold": 0.00047158868983387947
    },
    "seeingdark": {
        "average_precision": 0.4336351787305677,
        "real_accuracy_0.5": 1.0,
        "fake_accuracy_0.5": 0.0,
        "accuracy_0.5": 0.5,
        "real_accuracy_best": 0.22,
        "fake_accuracy_best": 0.91,
        "accuracy_best": 0.565,
        "best_threshold": 0.0024044057354331017
    },
    "stylegan": {
        "average_precision": 0.4823998264095762,
        "real_accuracy_0.5": 0.762,
        "fake_accuracy_0.5": 0.213,
        "accuracy_0.5": 0.4875,
        "real_accuracy_best": 0.063,
        "fake_accuracy_best": 0.951,
        "accuracy_best": 0.507,
        "best_threshold": 0.014731652103364468
    },
    "whichfaceisreal": {
        "average_precision": 0.4490178964155941,
        "real_accuracy_0.5": 0.945,
        "fake_accuracy_0.5": 0.018,
        "accuracy_0.5": 0.4815,
        "real_accuracy_best": 0.062,
        "fake_accuracy_best": 0.954,
        "accuracy_best": 0.508,
        "best_threshold": 0.014455811120569706
    },
    "crn": {
        "average_precision": 0.4416407430931438,
        "real_accuracy_0.5": 0.948,
        "fake_accuracy_0.5": 0.036,
        "accuracy_0.5": 0.492,
        "real_accuracy_best": 0.997,
        "fake_accuracy_best": 0.006,
        "accuracy_best": 0.5015,
        "best_threshold": 0.7789592146873474
    },
    "deepfake": {
        "average_precision": 0.49331938615622756,
        "real_accuracy_0.5": 0.994,
        "fake_accuracy_0.5": 0.012,
        "accuracy_0.5": 0.503,
        "real_accuracy_best": 0.985,
        "fake_accuracy_best": 0.027,
        "accuracy_best": 0.506,
        "best_threshold": 0.38156217336654663
    },
    "imle": {
        "average_precision": 0.5410709616062065,
        "real_accuracy_0.5": 0.85,
        "fake_accuracy_0.5": 0.21,
        "accuracy_0.5": 0.53,
        "real_accuracy_best": 0.309,
        "fake_accuracy_best": 0.759,
        "accuracy_best": 0.534,
        "best_threshold": 0.20391090214252472
    },
    "san": {
        "average_precision": 0.47523533008892394,
        "real_accuracy_0.5": 0.65,
        "fake_accuracy_0.5": 0.33,
        "accuracy_0.5": 0.49,
        "real_accuracy_best": 0.19,
        "fake_accuracy_best": 0.82,
        "accuracy_best": 0.505,
        "best_threshold": 0.11906300485134125
    },
    "stargan": {
        "average_precision": 0.4765879830771844,
        "real_accuracy_0.5": 0.557,
        "fake_accuracy_0.5": 0.412,
        "accuracy_0.5": 0.4845,
        "real_accuracy_best": 0.321,
        "fake_accuracy_best": 0.683,
        "accuracy_best": 0.502,
        "best_threshold": 0.2570309340953827
    },
    "stylegan2": {
        "average_precision": 0.4714872731861899,
        "real_accuracy_0.5": 0.678,
        "fake_accuracy_0.5": 0.264,
        "accuracy_0.5": 0.471,
        "real_accuracy_best": 0.116,
        "fake_accuracy_best": 0.948,
        "accuracy_best": 0.532,
        "best_threshold": 0.04350527748465538
    }
}